{
  "master_index": 1,
  "count": 10,
  "created_at_utc": "2025-11-29T19:31:18.681273+00:00",
  "batch_size": 10,
  "inner_hashes": [
    {
      "file": "infinity_tokens/master_0001_tmp/token_000001.zip",
      "sha256": "2d11b4dd25190e2d2290eb7252f06a52ee1fcaea5bb12d5f5bdbdb049a53a831"
    },
    {
      "file": "infinity_tokens/master_0001_tmp/token_000002.zip",
      "sha256": "2908421e3b540728b554c204213f6588abd03bd29dd9f38a6f3c2c4ebc810785"
    },
    {
      "file": "infinity_tokens/master_0001_tmp/token_000003.zip",
      "sha256": "c33297e8486039a4016333469e97e5e5073483b4d4097c4b75b371aca22d8b46"
    },
    {
      "file": "infinity_tokens/master_0001_tmp/token_000004.zip",
      "sha256": "1192f70cc4bacf47f9fd69507ce164c57dfc5824bb7cffc1ae72a07c134114f1"
    },
    {
      "file": "infinity_tokens/master_0001_tmp/token_000005.zip",
      "sha256": "2294be4a071764969aaa44d3d07d1c49de0d3da77e2df9528741858d820808b9"
    },
    {
      "file": "infinity_tokens/master_0001_tmp/token_000006.zip",
      "sha256": "502333c940f1c8a0c62e6f0ab4a78113ea335c0e12ba4958f8f454731ead127e"
    },
    {
      "file": "infinity_tokens/master_0001_tmp/token_000007.zip",
      "sha256": "9b8072938f7108f24e455d68807f5d4f0b5caa3ff1f99d4c966523fabbc2b604"
    },
    {
      "file": "infinity_tokens/master_0001_tmp/token_000008.zip",
      "sha256": "157e20516ec48958bf19d219b6fccbd96ab7a0ffa1678f7bc25a7ccd6891c3ac"
    },
    {
      "file": "infinity_tokens/master_0001_tmp/token_000009.zip",
      "sha256": "429c1e0ebb24ae599feb5ee9b7e7ff1ebab5332a3cbc702d29450f1e9225b910"
    },
    {
      "file": "infinity_tokens/master_0001_tmp/token_000010.zip",
      "sha256": "a4665e33d9374dc7ce538d1feaef55ad8633215f60925aea390d4467e6f4137f"
    }
  ]
}