{
  "master_index": 1,
  "count": 10,
  "created_at_utc": "2025-11-29T19:39:56.509747+00:00",
  "batch_size": 10,
  "inner_hashes": [
    {
      "file": "infinity_tokens/master_0001_tmp/token_000001.zip",
      "sha256": "911ca298596427aaadf61b490cf4b5f4dc765d585334c10c9742dc82d17fc41c"
    },
    {
      "file": "infinity_tokens/master_0001_tmp/token_000002.zip",
      "sha256": "85a76231e1d2041f02855758172ff9e34ec466e3505095387e13aec2530bf52d"
    },
    {
      "file": "infinity_tokens/master_0001_tmp/token_000003.zip",
      "sha256": "8a67aef65427d2d13dffd8039596d802556ad5ede461b9f723d3643d1f1dc389"
    },
    {
      "file": "infinity_tokens/master_0001_tmp/token_000004.zip",
      "sha256": "5339d6fcfa8d75db125442db61a46dbee40bb09b8ec43d62dfdf0ddecc0f1eda"
    },
    {
      "file": "infinity_tokens/master_0001_tmp/token_000005.zip",
      "sha256": "d19aedb59de8a6e30188bac0a0313def97f7e2a7cfe7697e7da8559150897f99"
    },
    {
      "file": "infinity_tokens/master_0001_tmp/token_000006.zip",
      "sha256": "0b1f6f0fffeb677f5ba10e7ba0a65019e122b8c05ac72af8dcc1f06dd96e0098"
    },
    {
      "file": "infinity_tokens/master_0001_tmp/token_000007.zip",
      "sha256": "78dcefa0d83995a623052ee94794d3c970dd96a6d837b0fcd4b0a03d3820c922"
    },
    {
      "file": "infinity_tokens/master_0001_tmp/token_000008.zip",
      "sha256": "8d4fe0d6950da130f7d6d528cf932003d971f4eac5128bd5c6b5093b0bcbc815"
    },
    {
      "file": "infinity_tokens/master_0001_tmp/token_000009.zip",
      "sha256": "7dd74a6011439f3d9d34128728c5c2103f1ba63ff5571976d2be045a261729c0"
    },
    {
      "file": "infinity_tokens/master_0001_tmp/token_000010.zip",
      "sha256": "9921442d49e8a8abe71b58f7ff003f02ba23feb93cc8e0cd8d03bd05f3cd4a52"
    }
  ]
}